{"vendorListVersion":192,"lastUpdated":"2023-04-13T16:45:53Z","purposes":{"1":{"id":1,"name":"Laikyti ir (arba) gauti informaciją įrenginyje","description":"Slapukai, įrenginių identifikatoriai ar kita informacija gali būti laikoma ir prieinama jūsų įrenginyje jums nurodytais tikslais.","descriptionLegal":"Tiekėjai gali:\n* Laikyti ir (arba) prieiti įrenginyje tokią informaciją kaip slapukai ir vartotojui suteikti įrenginių identifikatoriai.\n"},"2":{"id":2,"name":"Pasirinkti pagrindinius reklaminius skelbimus","description":"Reklaminiai skelbimai gali būti jums rodomi atsižvelgiant į jūsų peržiūrimą turinį, naudojamą programėlę, jūsų apytikslę buvimo vietą arba  jūsų įrenginio tipą.","descriptionLegal":"Norėdami pasirinkti pagrindinius reklaminius skelbimus tiekėjai gali:\n* Remtis tikralaike informacija apie kontekstą, kuriame reklaminis skelbimas bus rodomas, parodyti skelbimą, įskaitant informaciją apie turinį ir įrenginį, tokį kaip įrenginio tipas ir charakteristikos, vartotojo atstovas, URL, IP adresas \n* Naudokite vartotojo netikslius geografinės vietos duomenis.\n* Valdykite skelbimų rodymo vartotojui dažnį.\n* Nustatykite skelbimų rodymų vartotojui seką.\n* Neleiskite skelbimo naudoti netinkamame redakciniame kontekste (nesaugiame prekės ženklui)\nTiekėjai negali:\n* Sukurti suasmenintą skelbimų profilį, naudodami šią informaciją būsimiems skelbimams pasirinkti be atskiro teisinio pagrindo  kaip suasmenintą skelbimų profilį.\nPastaba. Netiksli reiškia, kad leidžiama nurodyti apytikslę, ne mažesnio nei  500 metrų spindulio teritorijoje esančią buvimo vietą.\n"},"3":{"id":3,"name":"Kurti suasmenintą reklaminių skelbimų profilį","description":"Profilis gali būti sukurtas atsižvelgiant į jus ir jūsų interesus, kad jums būtų rodomi asmeniškai jums pritaikyti ir aktualūs skelbimai.","descriptionLegal":"Norėdami sukurti suasmenintą reklaminių skelbimų profilį tiekėjai gali:\n* Rinkti informaciją apie vartotoją, įskaitant vartotojo veiklą, interesus, demografinę informaciją, buvimo vietą, kad sukurtų arba redaguotų vartotojo profilį, skirtą naudoti suasmenintuose reklaminiuose pranešimuose.\n* Sujunkite šią informaciją su kita anksčiau surinkta informacija, įskaitant iš visų svetainių ir programų, kad sukurtumėte ar redaguotumėte vartotojo profilį, skirtą naudoti suasmenintoje reklamoje."},"4":{"id":4,"name":"Pasirinkti suasmenintus skelbimus","description":"Suasmeninti skelbimai gali būti rodomi vadovaujantis sukurtu jūsų profiliu.","descriptionLegal":"Norėdami pasirinkti suasmenintus skelbimus tiekėjai gali:\n* Pasirinkti suasmenintą reklaminį skelbimą remiantis vartotojo profiliu ir kitais istoriniais duomenimis, įskaitant ankstesnę vartotojo veiklą, interesus, jo apsilankymus svetainėse arba naudojamas programėles, vietoves ar demografinę informaciją.\n"},"5":{"id":5,"name":"Sukurti suasmenintą turinio profilį","description":"Profilis gali būti sukurtas atsižvelgiant į jus ir jūsų interesus, kad jums būtų rodomas asmeniškai jums pritaikytas ir aktualus turinys.","descriptionLegal":"Norėdami sukurti suasmeninto turinio profilį tiekėjai gali:\n* Rinkti informaciją apie vartotoją, įskaitant vartotojo veiklą, interesus, duomenis apie jo apsilankymus svetainėse ir naudojamas programėles, demografinę informaciją, buvimo vietą, kad sukurtų arba redaguotų vartotojo profilį suasmenintam turiniui.\n* Sujunkite šią informaciją su kita anksčiau surinkta informacija, įskaitant iš visų svetainių ir programų, kad sukurtumėte ar redaguotumėte vartotojo profilį, skirtą naudoti turinio suasmeninimui."},"6":{"id":6,"name":"Pasirinkti suasmenintą turinį","description":"Suasmenintas turinys gali būti rodomas vadovaujantis sukurtu jūsų profiliu.","descriptionLegal":"Norėdami pasirinkti suasmenintą turinį tiekėjai gali:\n* Pasirinkti suasmenintą turinį remiantis vartotojo profiliu ir kitais istoriniais duomenimis, įskaitant ankstesnę vartotojo veiklą, interesus, jo apsilankymus svetainėse arba naudojamas programėles ar demografinę informaciją.\n"},"7":{"id":7,"name":"Vertinti skelbimo veiksmingumą","description":"Skelbimų, kuriuos matote ir su kuriais sąveikaujate, veiksmingumas ir efektyvumas gali būti įvertintas.","descriptionLegal":"Norėdami įvertinti skelbimo veiksmingumą teikėjai gali:\n* Vertinti, ar ir kokiu būdu skelbimas buvo pateiktas vartotojui, ir ar vartotojas į jį atsiliepė\n* Teikti ataskaitas apie skelbimus, įskaitant jų efektyvumą ir veiksmingumą\n* Teikti ataskaitas apie vartotojus, kurie atsiliepė į skelbimus, naudodamiesi duomenimis, surinktais vartotojui sąveikaujant su šiuo skelbimu\n* Teikti pranešimus leidėjams apie jų teritorijoje rodomus skelbimus\n* Vertinti, ar skelbimas atitinka redakcinės aplinkos kontekstą (yra saugus prekės ženklui) ir yra jam tinkamas\n* Nustatyti procentinę skelbimo dalį, kurią galima buvo pamatyti ir skelbimo peržiūros trukmę \nTiekėjai negali:\n* Taikyti vertinimu ar panašiai gautus auditorijos įžvalgų duomenis skelbimų vertinimo duomenims, neturėdami teisinio pagrindo taikyti rinkos tyrimų duomenis auditorijos įžvalgoms gauti.\n"},"8":{"id":8,"name":"Vertinti turinio veiksmingumą","description":"Turinio, kurį matote ir su kuriuo sąveikaujate veiksmingumas ir efektyvumas gali būti įvertintas.","descriptionLegal":"Norėdami įvertinti turinio veiksmingumą teikėjai gali:\n* Įvertinti ir informuoti, kaip turinys buvo pateiktas vartotojams ir kaip jie su juo sąveikavo.\n* Remiantis tiesiogiai įvertinama ar žinoma informacija pateikti ataskaitas, kaip vartotojai sąveikavo su turiniu\nTiekėjai negali:\n* Vertinti, ar ir kokiu būdu skelbimai (įskaitant vartotojo platformai pritaikytus skelbimus) buvo pateikti vartotojui, ir ar vartotojas į juos atsiliepė.\n* Taikyti vertinimu ar panašiai gautus auditorijos įžvalgų duomenis skelbimų vertinimo duomenims, neturėdami atskiro teisinio pagrindo taikyti rinkos tyrimų duomenis auditorijos įžvalgoms gauti.\n"},"9":{"id":9,"name":"Taikyti rinkos tyrimus auditorijos įžvalgoms gauti","description":"Rinkos tyrimų duomenys gali būti naudojami siekiant sužinoti daugiau apie auditorijas, kurios lankosi svetainėse / programėlėse, ar jas peržiūri.","descriptionLegal":"Norėdami taikyti rinkos tyrimų duomenis auditorijos įžvalgoms gauti tiekėjai gali:\n* Teikti apibendrintas ataskaitas reklamos tiekėjams ar jų atstovams apie auditorijas, kurias pasiekia jų skelbimai, remdamiesi vertinimu ar panašiai gautomis įžvalgomis.\n* Teikti apibendrintas ataskaitas leidėjams apie auditorijas, kurioms toks turinys ir (arba) skelbimas buvo skirti, arba kurios sąveikavo su turiniu ir (arba) skelbimais jų įmonėse, taikydamos vertinimu ar panašiai gautomis įžvalgomis. \n* Susieti ne internetu gautus duomenis su interneto vartotojais, siekdami atlikti rinkos tyrimus, siekiant gauti auditorijos įžvalgas, jeigu tiekėjai yra deklaravę, kad jie gali derinti ir jungti ne interneto duomenų šaltinius (1-a funkcija)\nTiekėjai negali: \n* Vertinti skelbimų, kurie buvo pateikti konkrečiam vartotojui, arba su kuriais toks vartotojas sąveikavo, veiksmingumo ir efektyvumo, neturėdami teisinio pagrindo vertinti skelbimų veiksmingumą.\n* Vertinti, koks turinys buvo pateiktas konkrečiam vartotojui ir kaip jis su tokiu turiniu sąveikavo, neturėdami teisinio pagrindo vertinti turinio veiksmingumo.\n"},"10":{"id":10,"name":"Kurti ir tobulinti produktus","description":"Jūsų duomenys gali būti naudojami esamoms sistemoms ir programinei įrangai tobulinti ir naujiems produktams kurti.","descriptionLegal":"Norėdami kurti naujus ir tobulinti esamus produktus tiekėjai gali:\n* Naudoti informaciją siekiant esamus produktus patobulinti naujomis funkcijomis arba kurti naujus produktus\n* Sukurti naujus modelius ir algoritmus mašininio mokymosi priemonėmis\nTiekėjai negali:\n* Atlikti bet kokių kitų pagal šį tikslą leidžiamų duomenų tvarkymo operacijų siekdami kito tikslo\n"}},"specialPurposes":{"1":{"id":1,"name":"Užtikrinti saugumą, užkirti kelią apgaulėms ir atlikti derinimo veiksmus","description":"Jūsų duomenys gali būti naudojami apgaulingai veiklai stebėti ir užkirsti jai kelią, ir užtikrinti, kad sistemos ir procesai veiktų tinkamai ir saugiai.","descriptionLegal":"Siekdami užtikrinti saugumą, užkirti kelią apgaulėms ir atlikti derinimo veiksmus tiekėjai gali:\n* Užtikrinti, kad duomenys būtų saugiai perduoti \n* Nustatyti kenkėjišką, apgaulingą, netinkamą ar neteisėtą veiklą ir jai užkirsti kelią.\n* Užtikrinti teisingą ir veiksmingą sistemų ir procesų veikimą, taip pat vykdyti sistemų ir procesų veikimo, siekiant leidžiamų tikslų stebėsenos ir tobulinimo, veiksmus\nTiekėjai negali:\n* Atlikti bet kokių kitų pagal šį tikslą leidžiamų duomenų tvarkymo operacijų siekdami kito tikslo\nPastaba. Duomenys, surinkti ir naudojami siekiant užtikrinti saugumą, užkirsti kelią sukčiavimui ir derinimo priemonėms, gali apimti automatiškai siunčiamas įrenginio charakteristikas identifikavimui, tikslius geografinės padėties duomenis ir duomenis, gautus aktyviai nuskaitant įrenginio charakteristikas, kad būtų galima juos identifikuoti, neatskleidžiant ir (arba) neprisijungus.\n"},"2":{"id":2,"name":"Techniškai pateikti turinį arba skelbimus","description":"Jūsų įrenginys gali priimti ir gauti informaciją, kuri jums leistų matyti skelbimus ir turinį ir su jais sąveikauti","descriptionLegal":"Norėdami pateikti informaciją ir atsiliepti į technines užklausas tiekėjai gali:\n* Naudoti vartotojo IP adresą pateikti skelbimą internetu\n* Reaguoti į vartotojo sąveikavimą su skelbimu nukreipdami vartotoją į įėjimo tinklalapį\n* Naudoti vartotojo IP adresą pateikti turinį internetu\n* Reaguoti į vartotojo sąveikavimą su turiniu nukreipdami vartotoją į įėjimo tinklalapį\n* Naudoti informaciją apie įrenginio tipą ir jo charakteristikas skelbimams ir turiniui pateikti, pavyzdžiui, pateikti tinkamo dydžio kūrybinį ar vaizdo įrašą įrenginio palaikomu formatu\nTiekėjai negali:\n* Atlikti bet kokių kitų pagal šį tikslą leidžiamų duomenų tvarkymo operacijų siekdami kito tikslo\n"}},"features":{"1":{"id":1,"name":"Derinti ir jungti ne interneto duomenų šaltinius","description":"Ne interneto duomenų šaltinių duomenys gali būti derinami su jūsų veiklos internete duomenimis padedant pasiekti vieno ar daugiau tikslų.","descriptionLegal":"Tiekėjai gali: \n* Jungti ne internetu gautus duomenis su internetu gautais duomenimis padedant pasiekti vieno ar daugiau tikslų ar specialiųjų tikslų.\n"},"2":{"id":2,"name":"Susieti skirtingus įrenginius","description":"Gali būti nustatyta, kad skirtingi įrenginiai priklauso jums ar jūsų būstui siekiant vieno ar kelių tikslų.","descriptionLegal":"Tiekėjai gali:\n* Deterministiškai nustatyti, kad du ar daugiau įrenginių priklauso tam pačiam vartotojui arba būstui\n* Tikimybiškai nustatyti, kad du ar daugiau įrenginių priklauso tam pačiam vartotojui arba būstui\n* Aktyviai skenuoti įrenginio identifikavimo charakteristikas tikimybiniam identifikavimui, jeigu vartotojas yra leidęs tiekėjams aktyviai skenuoti įrenginio charakteristikas identifikavimo tikslais (2-a specialioji funkcija)\n"},"3":{"id":3,"name":"Gauti ir naudoti automatiškai siunčiamas įrenginio charakteristikas identifikavimui","description":"Jūsų įrenginys gali būti atskirtas nuo kitų įrenginių pagal informaciją, kurią jis automatiškai siunčia, pvz., IP adresą ar naršyklės tipą.","descriptionLegal":"Tiekėjai gali:\n* Sukurti identifikatorių, naudodamiesi duomenimis, automatiškai renkamais iš įrenginio, tam tikroms charakteristikoms, pvz., IP adresui, vartotojo atstovo eilutei.\n* Tokį identifikatorių naudoti bandant pakartotinai identifikuoti įrenginį.\nTiekėjai negali:\n* Sukurti identifikatorių, naudodami duomenis, surinktus aktyviai skenuojant įrenginį dėl konkrečių jo charakteristikų, pvz., įdiegtų šriftų ar ekrano skiriamosios gebos, vartotojui neturint galimybės atskirai atsisakyti aktyviai skenuoti įrenginį dėl konkrečių jo charakteristikų.\n* Tokį identifikatorių naudoti įrenginiui pakartotinai identifikuoti.\n"}},"specialFeatures":{"1":{"id":1,"name":"Naudoti tikslius geografinės vietos duomenis","description":"Jūsų tikslūs geografinės vietos duomenys gali būti naudojami siekiant vieno ar daugiau tikslų. Tai reiškia, kad jūsų buvimo vieta gali būti nustatyta kelių metrų tikslumu.","descriptionLegal":"Tiekėjai gali:\n* Rinkti ir tvarkyti tikslius geografinės vietos duomenis siekdami vieno ar daugiau tikslų.\nPastaba. Tikslūs geografinės vietos duomenys reiškia, kad nėra jokių naudojo vietos tikslumo apribojimų; vieta gali būti nustatoma kelių metrų tikslumu.\nPastaba. Tam tikras šių duomenų naudojimas apsaugai ar sukčiavimo prevencijai yra atskirai aprašytas ir nereikalaujama atskiro vartotojo sprendimo naudoti tikslius geografinės padėties duomenis.\n"},"2":{"id":2,"name":"Aktyviai skenuoti įrenginio charakteristikas identifikavimo tikslais","description":"Jūsų įrenginys gali būti identifikuotas remiantis jūsų įrenginio unikalių charakteristikų derinio skenavimo duomenimis.","descriptionLegal":"Tiekėjai gali:\n* Sukurti identifikatorių, naudodami duomenis, surinktus aktyviai skenuojant įrenginį dėl konkrečių jo charakteristikų, pvz., įdiegtų šriftų ar ekrano skiriamosios gebos. \n* Tokį identifikatorių naudoti įrenginiui pakartotinai identifikuoti.\nPastaba. Tam tikras šių duomenų naudojimas apsaugai ar sukčiavimui reglamentuotas atskirai ir nereikalauja atskiro vartotojo sprendimo aktyviai skenuoti įrenginio charakteristikas identifikavimo tikslais.\n"}}}
