{"vendorListVersion":192,"lastUpdated":"2023-04-13T16:45:55Z","purposes":{"1":{"id":1,"name":"Informatie op een apparaat opslaan en/of openen","description":"Cookies, apparaatidentificatoren of andere informatie kunnen op uw apparaat worden opgeslagen of geopend voor de doeleinden die aan u worden gepresenteerd.","descriptionLegal":"Leveranciers kunnen:\n* Informatie op een apparaat opslaan en openen, zoals cookies en apparaatidentificatoren die aan een gebruiker worden gepresenteerd."},"2":{"id":2,"name":"Basisadvertenties selecteren","description":"Advertenties kunnen aan u worden getoond op basis van de content die u bekijkt, de app die u gebruikt, uw locatie bij benadering of uw apparaattype.","descriptionLegal":"Voor het selecteren van basisadvertenties kunnen leveranciers:\n*Realtime informatie gebruiken over de context waarin de advertentie wordt weergegeven, om de advertentie te tonen, inclusief informatie over de content en het apparaat, zoals: apparaattype en -mogelijkheden, platforminformatie (‘user agent’), URL, IP-adres.\n* De niet-precieze geolocatie gegevens van een gebruiker gebruiken.\n* De frequentie bepalen van de advertenties die aan een gebruiker worden getoond.\n* De volgorde bepalen waarin advertenties aan een gebruiker worden getoond.\n* Voorkomen dat een advertentie in een ongeschikte redactionele (merk-onveilige) context getoond wordt.\nLeveranciers kunnen niet:\n* Een gepersonaliseerd advertentieprofiel aanmaken met behulp van deze informatie voor de selectie van toekomstige advertenties zonder een afzonderlijke rechtsgrond voor de aanmaak van een gepersonaliseerd advertentieprofiel.\nN.B. Niet-precies betekent slechts een locatie bij benadering waarbij ten minste een radius van 500 meter is toegestaan."},"3":{"id":3,"name":"Een gepersonaliseerd advertentieprofiel aanmaken","description":"Er kan een profiel over u en uw interesses worden gebouwd om u gepersonaliseerde advertenties te tonen die relevant zijn voor u.","descriptionLegal":"Om een gepersonaliseerd advertentieprofiel aan te maken, kunnen leveranciers:\n* Informatie over een gebruiker verzamelen, waaronder de activiteiten, interesses, demografische informatie of de locatie van een gebruiker, om een gebruikersprofiel aan te maken of te bewerken voor gebruik in gepersonaliseerde advertenties.\n* Combineer deze informatie met andere informatie die eerder is verzameld, ook van websites en apps, om een ​​gebruikersprofiel te maken of te bewerken voor gebruik in gepersonaliseerde advertenties.\n"},"4":{"id":4,"name":"Gepersonaliseerde advertenties selecteren","description":"Gepersonaliseerde advertenties kunnen aan u worden getoond op basis van een profiel over u.","descriptionLegal":"Om gepersonaliseerde advertenties te selecteren, kunnen leveranciers:\n* Gepersonaliseerde advertenties selecteren op basis van een gebruikersprofiel of andere historische gebruikersgegevens, waaronder de eerdere activiteiten, interesses, bezoeken aan sites of apps, locatie of demografische informatie van een gebruiker.\n"},"5":{"id":5,"name":"Een gepersonaliseerd content profiel aanmaken","description":"Er kan een profiel over u en uw interesses worden gebouwd om u gepersonaliseerde content te tonen die relevant is voor u.","descriptionLegal":"Om een gepersonaliseerd content profiel aan te maken, kunnen leveranciers:\n* Informatie over een gebruiker verzamelen, inclusief de activiteiten, interesses, bezoeken aan sites of apps, demografische informatie of locatie van een gebruiker, om een gebruikersprofiel aan te maken of te bewerken voor het personaliseren van content.\n* Combineer deze informatie met andere informatie die eerder is verzameld, ook van websites en apps, om een ​​gebruikersprofiel te maken of te bewerken voor gebruik bij het personaliseren van inhoud."},"6":{"id":6,"name":"Gepersonaliseerde content selecteren","description":"Gepersonaliseerde content kan aan u worden getoond op basis van een profiel over u.","descriptionLegal":"Om gepersonaliseerde content te selecteren, kunnen leveranciers:\n* Gepersonaliseerde content selecteren op basis van een gebruikersprofiel of andere historische gebruikersgegevens, waaronder de eerdere activiteiten, interesses, bezoeken aan sites of apps, locatie of demografische informatie van een gebruiker.\n"},"7":{"id":7,"name":"Prestaties van advertenties meten","description":"De prestaties en doeltreffendheid van advertenties die u ziet of waarmee u interactie aangaat, kunnen worden gemeten.","descriptionLegal":"Om prestaties van advertenties te meten, kunnen leveranciers:\n* Meten of en hoe advertenties werden geleverd aan en interactie aangingen met een gebruiker.\n* Rapportage verschaffen over advertenties, inclusief hun doeltreffendheid en prestaties.\n* Rapportage verschaffen over gebruikers die interactie aangingen met advertenties hebben gehad met behulp van gegevens waargenomen tijdens de interactie van de gebruiker met die advertentie.\n* Rapportage verschaffen aan adverteerders over de advertenties die op hun eigendom worden weergegeven.\n* Meten of een advertentie in een geschikte redactionele omgeving (merk veilig) context getoond wordt.\n* Het percentage vaststellen van de advertentie die de kans had gezien te worden en de duur van die kans bepalen.\nLeveranciers kunnen niet:\n* Zonder afzonderlijke rechtsgrond op panels gebaseerde of soortgelijke afgeleide gegevens over het publiek toepassen op de gegevens van advertentiemetingen om marktonderzoek toe te passen om inzichten in het publiek te verkrijgen.."},"8":{"id":8,"name":"Content prestaties meten","description":"De prestaties en doeltreffendheid van content die u ziet of waar u interactie mee aangaat, kunnen worden gemeten.","descriptionLegal":"Om de content prestaties te meten, kunnen leveranciers:\n* Meten hoe content werd geleverd aan gebruikers en hoe deze er interactie mee aangingen en hierover rapporteren.\n* Rapportage verschaffen, met gebruik van direct meetbare of bekende informatie, over gebruikers die interactie aangingen met de content.\nLeveranciers kunnen niet:\n* Meten of en hoe advertenties (inclusief native advertenties) werden geleverd aan een gebruiker en hoe deze er interactie mee aanging.\n* Zonder afzonderlijke rechtsgrond op panels gebaseerde of soortgelijke afgeleide gegevens over het publiek toepassen op de gegevens van advertentiemetingen om marktonderzoek toe te passen om inzichten in het publiek te verkrijgen.\n"},"9":{"id":9,"name":"Marktonderzoek toepassen om inzichten in het publiek te genereren","description":"Marktonderzoek kan worden gebruikt om meer te weten te komen over het publiek dat sites/apps bezoekt en advertenties bekijkt.","descriptionLegal":"Om marktonderzoek toe te passen om inzichten in het publiek te genereren, kunnen leveranciers:\n* Geaggregeerde rapportage verschaffen aan adverteerders of hun vertegenwoordigers over het publiek dat door hun advertenties wordt bereikt, via op panels gebaseerde en op soortgelijke wijze afgeleide inzichten.\n* Geaggregeerde rapportage verschaffen aan adverteerders over het publiek dat werd bereikt of dat interactie aanging met content en/of advertenties op hun eigendom door op panels gebaseerde en op soortgelijke wijze afgeleide inzichten toe te passen. \n* Offlinegegevens associëren met een onlinegebruiker ten bate van marktonderzoek om inzichten in het publiek te genereren als leveranciers hebben verklaard gegevensbronnen te matchen en combineren (functie 1).\nLeveranciers kunnen niet: \n* Zonder afzonderlijke rechtsgrond de prestaties en doeltreffendheid meten van advertenties die aan een specifieke gebruiker getoond werden of waar deze interactie mee aanging, om de prestaties van advertenties te meten.\n* Zonder afzonderlijke rechtsgrond meten welke content een specifieke gebruiker is verschaft en hoe deze er interactie mee aanging, om de content prestaties te meten..\n"},"10":{"id":10,"name":"Producten ontwikkelen en verbeteren","description":"Uw gegevens kunnen worden gebruikt om bestaande systemen en software te verbeteren en nieuwe producten te ontwikkelen.","descriptionLegal":"Om nieuwe producten te ontwikkelen en producten te verbeteren, kunnen leveranciers:\n* Informatie gebruiken om hun bestaande producten te verbeteren met nieuwe functies en om nieuwe producten te ontwikkelen.\n* Nieuwe modellen en algoritmes aanmaken door middel van machinaal leren.\nLeveranciers kunnen niet:\n* Gegevensverwerkende handelingen die toegestaan zijn onder dit doeleinde, verrichten onder een ander doeleinde."}},"specialPurposes":{"1":{"id":1,"name":"Beveiliging verzekeren, fraude voorkomen en fouten opsporen","description":"Uw gegevens kunnen worden gebruikt om frauduleuze activiteiten te monitoren en te voorkomen en ervoor te zorgen dat systemen en processen goed en veilig werken.","descriptionLegal":"Om de beveiliging te verzekeren, fraude te voorkomen en fouten op te sporen, kunnen leveranciers:\n* Ervoor zorgen dat gegevens veilig worden verzonden.\n* Kwaadaardige, frauduleuze, ongeldige of illegale activiteiten opsporen en voorkomen.\n* Zorgen voor een correcte en efficiënte werking van systemen en processen, waaronder het monitoren en verbeteren van de prestaties van systemen en processen die zijn betrokken bij toegestane doeleinden.\nLeveranciers kunnen niet:\n* Gegevensverwerkende handelingen die toegestaan zijn onder dit doeleinde, verrichten onder een ander doeleinde.\nOpmerking: Gegevens die worden verzameld en gebruikt om zorg te dragen voor goede beveiliging, fraude te voorkomen en fouten op te sporen kunnen automatisch verzonden apparaat kenmerken bevatten ten bate van identificatie, nauwkeurige geolocatie gegevens en gegevens verkregen door het actief scannen van apparaat kenmerken voor identificatie zonder afzonderlijke openbaarmaking en/of opt-in."},"2":{"id":2,"name":"Technisch leveren van advertenties of content","description":"Uw apparaat kan informatie ontvangen en verzenden waarmee u advertenties en content kunt zien en er interactie mee aangaan.","descriptionLegal":"Om informatie te verstrekken en te reageren op technische aanvragen kunnen leveranciers:\n* Het IP-adres van een gebruiker gebruiken om een advertentie via het internet af te leveren.\n* Reageren op de interactie van een gebruiker met een advertentie, door de gebruiker naar een landingspagina te sturen.\n* Het IP-adres van een gebruiker gebruiken om content via het internet af te leveren.\n* Reageren op de interactie van een gebruiker met de content, door de gebruiker naar een landingspagina te sturen.\n* Informatie gebruiken over het apparaattype en de mogelijkheden voor het leveren van advertenties of content, bijvoorbeeld om de juiste grootte van het advertentie-, creatief of videobestand aan te bieden in een formaat dat door het apparaat wordt ondersteund.\nLeveranciers kunnen niet:\n* Gegevensverwerkende handelingen die toegestaan zijn onder dit doeleinde, verrichten onder een ander doeleinde.\n"}},"features":{"1":{"id":1,"name":"Offline gegevens met elkaar matchen en combineren","description":"Gegevens uit offline gegevensbronnen kunnen worden gecombineerd met uw online activiteiten ter ondersteuning van een of meer doeleinden.","descriptionLegal":"Leveranciers kunnen: \n* Offline verkregen gegevens combineren met online verzamelde gegevens ter ondersteuning van een of meer doeleinden of speciale doeleinden.\n"},"2":{"id":2,"name":"Verschillende apparaten linken","description":"Verschillende apparaten kunnen worden gekenmerkt als behorend tot u of uw huishouden ter ondersteuning van een of meer doeleinden.","descriptionLegal":"Leveranciers kunnen:\n* Deterministisch bepalen dat twee of meer apparaten tot dezelfde gebruiker of hetzelfde huishouden behoren.\n* Probabilistisch bepalen dat twee of meer apparaten tot dezelfde gebruiker of hetzelfde huishouden behoren.\n* Actief apparaat kenmerken scannen voor identificatie voor probabilistische identificatie als gebruikers leveranciers in staat hebben gesteld om actief apparaat kenmerken te scannen voor identificatie (speciale functie 2)."},"3":{"id":3,"name":"Automatisch verzonden apparaat kenmerken ter identificatie ontvangen en gebruiken.","description":"Uw apparaat kan onderscheiden worden van andere apparaten op basis van informatie die het automatisch verzendt, zoals IP-adres of browsertype.","descriptionLegal":"Leveranciers kunnen:\n* Een identificator aanmaken met gegevens die automatisch uit een apparaat worden verzameld voor specifieke kenmerken, bijv. IP-adres, platforminformatiestring.\n* Een dergelijke identificator gebruiken om een apparaat opnieuw te trachten te identificeren.\nLeveranciers kunnen niet:\n* Een identificator aanmaken met behulp van gegevens die zijn verzameld via het actief scannen van een apparaat op specifieke kenmerken, zoals geïnstalleerde lettertypen of schermresolutie zonder de afzonderlijke opt-in van gebruikers met betrekking tot het actief scannen van apparaat kenmerken ter identificatie.\n* Een dergelijke identificator gebruiken om een apparaat opnieuw te identificeren."}},"specialFeatures":{"1":{"id":1,"name":"Precieze geolocatie gegevens gebruiken","description":"Uw precieze geolocatie gegevens kunnen worden gebruikt ter ondersteuning van een of meer doeleinden. Dit betekent dat uw locatie tot op enkele meters nauwkeurig kan zijn.\n","descriptionLegal":"Leveranciers kunnen:\n* Precieze geolocatie gegevens verzamelen en verwerken ter ondersteuning van een of meer doeleinden.\nNB Precieze geolocatie betekent dat er geen beperkingen zijn op de precisie van de locatie van een gebruiker; dit kan binnen verschillende meters nauwkeurig zijn.\nOpmerking: Bepaalde vormen van gebruik van deze gegevens voor beveiliging of fraudepreventie zijn afzonderlijk gedekt en vereisen geen afzonderlijke gebruikersopt-in voor het gebruik van nauwkeurige geolocatie gegevens. \n"},"2":{"id":2,"name":"De apparaat kenmerken actief scannen voor identificatie","description":"Uw apparaat kan worden geïdentificeerd op basis van een scan van de unieke combinatie van kenmerken van uw apparaat.","descriptionLegal":"Leveranciers kunnen:\n* Een identificator aanmaken met behulp van gegevens die zijn verzameld via het actief scannen van een apparaat op specifieke kenmerken, zoals geïnstalleerde lettertypen of schermresolutie. \n* Een dergelijke identificator gebruiken om een apparaat opnieuw te identificeren.\nOpmerking: Bepaalde vormen van gebruik van deze gegevens in het kader van beveiliging of fraudepreventie zijn afzonderlijk gedekt en vereisen geen afzonderlijke opt-in van de gebruiker voor het actief scannen van apparaat kenmerken voor identificatie.\n"}}}
