{"purposes":{"1":{"id":1,"name":"기기의 정보 저장 및/또는 액세스","description":"쿠키, 기기 식별자 또는 기타 정보는 사용자에게 제공된 목적을 위해 기기에 저장하거나 액세스할 수 있습니다.","descriptionLegal":"벤더가 할 수 있는 것: * 사용자에게 제공된 쿠키 및 기기 식별자와 같은 정보를 기기에 저장하고 액세스할 수 있습니다."},"2":{"id":2,"name":"기본 광고 선택","description":"현재 보고 있는 콘텐츠, 사용 중인 앱, 대략적인 위치 또는 기기 유형에 따라 광고를 표시할 수 있습니다.","descriptionLegal":"기본 광고를 선택하는 벤더가 할 수 있는 것: * 광고가 표시될 컨텍스트에 대한 실시간 정보를 사용하여 기기 유형 및 기능, 사용자 에이전트, URL, IP 주소 등 콘텐츠 및 기기에 대한 정보를 표시합니다. * 사용자의 정확하지 않은 지리적 위치 데이터를 사용합니다. * 사용자에게 표시되는 광고의 빈도를 제어합니다. * 사용자에게 표시될 광고의 순서를 결정합니다. * 부적절한 편집(안전하지 않은 브랜드) 컨텍스트에서 광고가 게시되는 것을 방지합니다. 벤더가 할 수 없는 것: * 별도의 법적 근거 없이 미래의 광고를 선택하기 위해 이 정보를 사용하여 개인화된 광고 프로필을 만들어 개인화된 광고 프로필을 만들지 못합니다. * N.B. 부정확한다는 단어의 의미는 최소 반경 500m를 포함하는 대략적인 위치만 허용됨을 의미합니다."},"3":{"id":3,"name":"개인화 광고 프로필 생성하기","description":"귀하와 귀하의 관심사에 대한 프로필을 생성하여 귀하와 관련된 개인화 광고를 보여드릴 수 있습니다.","descriptionLegal":"개인화 광고를 생성하기 위해 벤더가 할 수 있는 것: * 사용자의 활동, 관심사, 인구 통계 정보 또는 위치를 포함하여 사용자에 대한 정보를 수집하여 개인화 광고에 사용할 사용자 프로필을 만들거나 편집합니다. * 이 정보를 여러 웹 사이트 및 앱을 포함하여 이전에 수집한 다른 정보와 결합하여 개인화 광고에 사용할 사용자 프로필을 만들거나 편집합니다."},"4":{"id":4,"name":"개인화 광고 선택하기","description":"개인화 광고는 귀하에 대한 프로필에 따라 표시될 수 있습니다.","descriptionLegal":"개인화 광고를 선택하기 위해 벤더가 할 수 있는 것: * 사용자의 이전 활동, 관심사, 사이트 또는 앱 방문, 위치 또는 인구 통계 정보를 포함하여 사용자 프로필 또는 기타 이전 사용자 데이터를 기반으로 개인화 광고를 선택합니다."},"5":{"id":5,"name":"개인화 콘텐츠 프로필 생성하기","description":"귀하와 귀하의 관심사에 따라 프로필을 생성하여 귀하와 관련된 개인화 콘텐츠를 표시할 수 있습니다.","descriptionLegal":"개인화 콘텐츠 프로필을 생성하기 위해 벤더가 할 수 있는 것: * 콘텐츠 개인화를 위한 사용자 프로필을 만들거나 편집하려면 사용자의 활동, 관심사, 사이트 또는 앱 방문, 인구 통계 정보 또는 위치 등 사용자에 대한 정보를 수집합니다. * 이 정보를 여러 웹 사이트 및 앱에서 이전에 수집한 다른 정보와 결합하여 콘텐츠를 개인화하는 데 사용할 사용자 프로필을 만들거나 편집합니다."},"6":{"id":6,"name":"개인화 콘텐츠 선택하기","description":"귀하에 대한 프로필에 따라 개인화 콘텐츠를 표시할 수 있습니다.","descriptionLegal":"개인화 콘텐츠를 선택하기 위해 벤더가 할 수 있는 것: * 사용자의 이전 활동, 관심사, 사이트 또는 앱 방문, 위치 또는 인구 통계 정보를 포함하여 사용자 프로필 또는 기타 이전 사용자 데이터를 기반으로 개인화 콘텐츠를 선택합니다."},"7":{"id":7,"name":"광고 성과 측정하기","description":"보거나 상호 작용하는 광고의 성능과 효과를 측정할 수 있습니다.","descriptionLegal":"광고 성과를 측정하기 위해 벤더가 할 수 있는 것: * 사용자에게 광고가 제공되고 사용자와 상호 작용했는지 여부 및 방법을 측정합니다. * 효과와 성과를 포함한 광고에 대한 보고를 제공합니다. * 사용자가 해당 광고와 상호 작용하는 동안 관찰된 데이터를 사용하여 광고와 상호 작용한 사용자에 대한 보고를 제공합니다. * 소유물에 표시된 광고에 대해 게시자에게 보고를 제공합니다. * 광고가 적절한 편집 환경(안전한 브랜드) 컨텍스트에서 제공되고 있는지 여부를 측정합니다. * 볼 수 있는 기회가 있는 광고의 비율과 해당 광고의 기간을 결정합니다. * 이 정보를 여러 웹 사이트 및 앱을 포함하여 이전에 수집한 다른 정보와 결합합니다. 벤더가 할 수 없는 것: * 패널 또는 이와 유사하게 파생된 청중 통찰력 데이터를 법적 근거 없이 광고 측정 데이터에 적용하여 시장 조사를 통해 청중 통찰력을 생성합니다(목적 9)."},"8":{"id":8,"name":"콘텐츠 성과 측정하기","description":"보거나 상호 작용하는 콘텐츠의 성능과 효과를 측정할 수 있습니다.","descriptionLegal":"콘텐츠 성과를 측정하기 위해 벤더가 할 수 있는 것: * 사용자가 컨텐츠를 어떻게 전달하고 상호 작용하는지 측정하고 보고합니다. * 직접 측정 가능하거나 알려진 정보를 사용하여 콘텐츠와 상호 작용한 사용자에 대한 보고를 제공합니다. * 이 정보를 여러 웹 사이트 및 앱을 포함하여 이전에 수집한 다른 정보와 결합합니다. 벤더가 할 수 없는 것: * 사용자가 광고(네이티브 광고 포함)를 제공하고 상호 작용했는지 여부 및 방법을 측정합니다. * 패널 또는 이와 유사하게 파생된 청중 통찰력 데이터를 법적 근거 없이 광고 측정 데이터에 적용하여 시장 조사를 통해 청중 통찰력을 생성합니다(목적 9)."},"9":{"id":9,"name":"청중 통찰력을 생성하기 위해 시장 조사 적용하기","description":"시장 조사는 사이트/앱을 방문하고 광고를 보는 청중에 대해 더 자세히 알아보는 데 사용될 수 있습니다.","descriptionLegal":"콘텐츠 성과를 측정하기 위해 벤더가 할 수 있는 것: * 사용자가 컨텐츠를 어떻게 전달하고 상호 작용하는지 측정하고 보고합니다. * 직접 측정 가능하거나 알려진 정보를 사용하여 콘텐츠와 상호 작용한 사용자에 대한 보고를 제공합니다. * 이 정보를 여러 웹 사이트 및 앱을 포함하여 이전에 수집한 다른 정보와 결합합니다. 벤더가 할 수 없는 것: * 사용자가 광고(네이티브 광고 포함)를 제공하고 상호 작용했는지 여부 및 방법을 측정합니다. * 패널 또는 이와 유사하게 파생된 청중 통찰력 데이터를 법적 근거 없이 광고 측정 데이터에 적용하여 시장 조사를 통해 청중 통찰력을 생성합니다(목적 9)."},"10":{"id":10,"name":"제품 개발 및 향상","description":"기존 시스템과 소프트웨어를 개선하고 새 제품을 개발하는 데 데이터를 사용할 수 있습니다.","descriptionLegal":"새로운 제품을 개발하고 제품을 향상시키기 위해 벤더가 할 수 있는 것: * 정보를 사용하여 기존 제품을 새로운 기능으로 개선하고 새로운 제품을 개발합니다. * 머신 러닝을 통해 새로운 모델과 알고리즘을 만듭니다. 벤더가 할 수 없는 것: * 이 목적에 따라 다른 목적으로 허용된 기타 데이터 처리 작업을 수행합니다."}},"specialPurposes":{"1":{"id":1,"name":"보안 보장, 부정 행위 방지 및 디버그","description":"데이터를 사용하여 부정 행위를 모니터링 및 방지하고 시스템과 프로세스가 적절하고 안전하게 작동하도록 할 수 있습니다.","descriptionLegal":"보안 보장, 부정 행위 방지 및 디버그하기 위해 벤더가 할 수 있는 것: * 데이터가 안전하게 전송되도록 보장합니다. * 악의적, 사기적, 유효하지 않거나 또는 불법적인 행동을 탐지하고 방지합니다. * 허용된 목적을 가진 시스템과 프로세스의 성능을 모니터링하고 향상시키는 것을 포함하여 시스템 및 프로세스의 정확하고 효율적인 운영을 보장합니다. 벤더가 할 수 없는 것: * 이 목적에 따라 다른 목적으로 허용된 기타 데이터 처리 작업을 수행합니다. 참고: 보안 보장, 부정 행위 방지 및 디버그를 위해 수집 및 사용되는 데이터에는 식별을 위해 자동으로 전송된 기기 특성, 정확한 지리적 위치 데이터 및 별도의 공개 및/또는 선택 없이 식별을 위해 기기 특성을 능동적으로 스캔하여 얻은 데이터가 포함될 수 있습니다."},"2":{"id":2,"name":"광고 또는 콘텐츠를 기술적으로 제공하기","description":"기기는 광고 및 콘텐츠를 보고 상호 작용할 수 있는 정보를 수신하고 전송할 수 있습니다.","descriptionLegal":"정보를 제공하고 기술적인 요청에 응답하기 위해 벤더가 할 수 있는 것: * 사용자의 IP 주소를 사용하여 인터넷을 통해 광고를 제공합니다. * 사용자와 광고의 상호 작용에 대응하여 사용자를 랜딩 페이지로 보냅니다. * 사용자의 IP 주소를 사용하여 인터넷을 통해 콘텐츠를 제공합니다. * 랜딩 페이지로 사용자를 보내 컨텐츠와의 상호 작용에 대응합니다. * 예를 들어 광고나 콘텐츠를 제공하는 기기 유형 및 기능에 대한 정보를 사용하여 기기에서 지원하는 형식으로 적합한 크기의 광고 크리에이티브 또는 비디오 파일을 제공합니다. 벤더가 할 수 없는 것: * 이 목적에 따라 다른 목적으로 허용된 기타 데이터 처리 작업을 수행합니다."}},"features":{"1":{"id":1,"name":"오프라인 데이터 소스 일치키기기 및 조합하기","description":"오프라인 데이터 소스의 데이터를 하나 이상의 목적을 지원하기 위해 온라인 활동과 결합할 수 있습니다.","descriptionLegal":"벤더가 할 수 있는 것: * 오프라인에서 얻은 데이터와 하나 이상의 목적 또는 특수 목적을 지원하기 위해 온라인으로 수집된 데이터를 결합합니다."},"2":{"id":2,"name":"여러 기기 연결하기","description":"Different devices can be determined as belonging to you or your household in support of one or more of purposes.","descriptionLegal":"벤더가 할 수 있는 것: * 둘 이상의 기기가 동일한 사용자 또는 가정에 속하는지 결정적으로 판단합니다. * 둘 이상의 기기가 동일한 사용자 또는 가정에 속하는지 여부를 확률적으로 판단합니다. * 사용자가 식별을 위해 공급업체에서 기기 특성을 능동적으로 스캔하도록 허용한 경우, 확률적 식별을 위해 기기 특성을 능동적으로 스캔합니다(특수 기능 2)."},"3":{"id":3,"name":"식별을 위해 자동으로 전송된 기기 특성을 수신하고 사용합니다.","description":"기기는 IP 주소 또는 브라우저 유형과 같이 자동으로 전송되는 정보에 따라 다른 기기와 구별될 수 있습니다.","descriptionLegal":"벤더가 할 수 있는 것: * IP 주소, 사용자-에이전트 문자열 등 특정 특성에 대해 기기에서 자동으로 수집된 데이터를 사용하여 식별자를 생성합니다. * 이러한 식별자를 사용하여 기기를 다시 식별합니다. 벤더가 할 수 없는 것: * 기기별 특성을 구분하지 않고 설치된 글꼴이나 화면 해상도 등 기기별 특성을 능동적으로 스캔하여 수집한 데이터를 이용하여 식별자를 작성합니다. * 이러한 식별자를 사용하여 기기를 다시 식별합니다."}},"specialFeatures":{"1":{"id":1,"name":"정확한 지리적 위치 데이터 사용하기","description":"정확한 지리적 위치 데이터는 하나 이상의 목적을 지원하기 위해 사용될 수 있습니다. 즉, 위치가 몇 미터 이내의 범위로 정확할 수 있습니다.","descriptionLegal":"벤더가 할 수 있는 것: * 하나 이상의 목적을 지원하기 위해 정확한 지리적 위치 데이터를 수집하고 처리합니다. N.B. 정확한 지리적 위치는 사용자의 위치 정밀도에 제한이 없음을 의미합니다. 이는 몇 미터 이내의 범위로 정확할 수 있습니다."},"2":{"id":2,"name":"식별을 위해 기기 특성을 능동적으로 스캔하기","description":"기기의 고유한 특성 조합을 스캔하여 기기를 식별할 수 있습니다.","descriptionLegal":"벤더가 할 수 있는 것: * 설치된 글꼴 또는 화면 해상도 등 기기의 특정 특성을 능동적으로 스캔하여 수집한 데이터를 사용하여 식별자를 작성합니다. * 이러한 식별자를 사용하여 기기를 다시 식별합니다."}}}
