{"vendorListVersion":192,"lastUpdated":"2023-04-13T16:45:50Z","purposes":{"1":{"id":1,"name":"Pohrana i/ili pristup informacijama na uređaju","description":"Kolačići, identifikatori uređaja ili druge informacije mogu se pohraniti ili im pristupiti na vašem uređaju u svrhe koje su vam prikazane.","descriptionLegal":"Dobavljači mogu:\n* pohraniti informacije i pristupiti im na uređaju, kao što su kolačići i identifikatori uređaja koji se prikazuju korisniku.\n"},"2":{"id":2,"name":"Odabir osnovnih oglasa","description":"Oglasi se mogu prikazivati na temelju sadržaja koji pregledavate, aplikacije koju koristite, vaše približne lokacije ili vrste uređaja.","descriptionLegal":"Kako bi napravili odabir osnovnih oglasa dobavljači mogu:\n* koristiti informacije u stvarnom vremenu o kontekstu u kojem će se oglas prikazivati za prikazivanje oglasa, uključujući informacije o sadržaju i uređaju, kao što su: vrsta i mogućnosti uređaja, korisnički agent, URL, IP adresa \n* koristiti neprecizne geolokacijske podatke korisnika\n* kontrolirati učestalost oglasa prikazanih korisniku.\n* određivati redoslijed u kojem se oglasi prikazuju korisniku.\n* sprječavati oglas da se prikazuje u neodgovarajućem uredničkom (nesigurnom po brend) kontekstu\nDobavljači ne mogu:\n* kreirati profil personaliziranog oglasa pomoću tih podataka za odabir budućih oglasa bez zasebne pravne osnove za kreiranje profila personaliziranog oglasa.\nNapomena: neprecizno znači samo približna lokacija koja uključuje najmanje dopušten radijus od barem 500 metara.\n"},"3":{"id":3,"name":"Kreiranje profila personaliziranog oglasa","description":"Može se kreirati profil o vama i vašim interesima za prikaz personaliziranih oglasa koji su relevantni za vas.","descriptionLegal":"Kako bi izradili profil personaliziranih oglasa, dobavljači mogu:\n•        prikupiti informacije o korisniku, uključujući aktivnost korisnika, interese, posjete web-mjestima ili aplikacijama, demografske informacije ili lokaciju radi kreiranja ili uređivanja korisničkog profila za uporabu u personaliziranom oglašavanju.\n* Kombinirajte ove podatke s ostalim prethodno prikupljenim podacima, uključujući s različitih web lokacija i u aplikacijama, da biste stvorili ili uredili korisnički profil za upotrebu u personaliziranom oglašavanju."},"4":{"id":4,"name":"Odabir personaliziranih oglasa","description":"Personalizirani oglasi mogu vam se prikazati na temelju vašeg profila.","descriptionLegal":"Za odabir personaliziranih oglasa dobavljači mogu:\n* odabrati personalizirane oglase na temelju korisničkog profila ili drugih povijesnih korisničkih podataka, uključujući prethodnu aktivnost korisnika, interese, posjete web-lokacijama ili aplikacijama, lokacije ili demografske informacije.\n"},"5":{"id":5,"name":"Kreiranje profila personaliziranog sadržaja","description":"Može se kreirati profil o vama i vašim interesima za prikaz personaliziranog sadržaja koji je relevantan za vas.","descriptionLegal":"Za kreiranje profila personaliziranog sadržaja dobavljači mogu:\n* prikupljati informacije o korisniku, uključujući aktivnost korisnika, interese, posjete web-lokacijama ili aplikacijama, demografske informacije ili lokaciju, kreirati ili uređivati korisnički profil za personalizaciju sadržaja.\n* Kombinirajte ove podatke s ostalim prethodno prikupljenim podacima, uključujući s različitih web lokacija i u aplikacijama, da biste stvorili ili uredili korisnički profil za upotrebu u personalizaciji sadržaja.\nOpen in Google Translate\t\nFeedback\n\n"},"6":{"id":6,"name":"Odabir personaliziranog sadržaja","description":"Personalizirani sadržaj može vam se prikazati na temelju vašeg profila.","descriptionLegal":"Kako bi odabrali personalizirani sadržaj, dobavljači mogu:\n* odabrati personalizirani sadržaj na temelju korisničkog profila ili drugih povijesnih korisničkih podataka, uključujući prethodnu aktivnost korisnika, interese, posjete web-lokacijama ili aplikacijama, lokacije ili demografske informacije.\n"},"7":{"id":7,"name":"Mjerenje performansi oglasa","description":"Mogu se mjeriti performanse i učinkovitost oglasa koje vi možete vidjeti ili s kojima možete imati interakciju.","descriptionLegal":"Kako bi izmjerili performanse oglasa, dobavljači mogu:\n* izmjeriti jesu li i kako su oglasi isporučeni i povezani s korisnikom\n* pružati izvješća o oglasima, uključujući njihovu učinkovitost i performanse\n* pružati izvješća o korisnicima koji su bili u interakciji s oglasima pomoću podataka uočenih tijekom interakcije korisnika s tim oglasom\n* pružati izvješća izdavačima o oglasima prikazanim na njihovoj imovini\n* izmjeriti hoće li oglas poslužiti u odgovarajućem (sigurnom po brend) kontekstu uredničkog okruženja\n* odrediti postotak oglasa za koji su imali priliku da ga pregledaju i trajanje te prilike \nDobavljači ne mogu:\n* primijeniti podatke o mjerenju oglasa na podatke iz panela ili na sličan način prikupljene podatke sa svrhom analize ponašanja korisnike za izradu generalnog uvida u publiku bez pravne osnove da rade generalni uvid u publiku.\n"},"8":{"id":8,"name":"Mjerenje performansi sadržaja","description":"Mogu se mjeriti performanse i učinkovitost oglasa koje vi možete vidjeti ili s kojima možete imati interakciju.","descriptionLegal":"Za mjerenje performansi sadržaja dobavljači mogu:\n* izmjeriti i izvijestiti o tome kako je sadržaj dostavljen i koje su interakcije sa sadržajem.\n* pružati izvješća o korisnicima koji su imali interakciju sa sadržajem koristeći izravno mjerljive ili poznate informacije\nDobavljači ne mogu:\n* izmjeriti jesu li i kako su oglasi (uključujući izvorne oglase) isporučeni i koje su interakcije sa korisnikom.\n* Primijeniti podatke o mjerenju oglasa na podatke iz panela ili na sličan način prikupljene podatke sa svrhom analize ponašanja korisnike za izradu generalnog uvida u publiku bez pravne osnove da rade generalni uvid u publiku.\n"},"9":{"id":9,"name":"Primjena istraživanja tržišta za generiranje uvida u publiku","description":"Istraživanje tržišta može se koristiti kako bi se saznalo više o publici koja posjećuje web-mjesta/aplikacije i gleda oglase.","descriptionLegal":"Za primjenu istraživanja tržišta za generiranje uvida u publiku dobavljači mogu:\n* dostaviti skupno izvješće oglašivačima ili njihovim predstavnicima o publici koja je obuhvaćena njihovim oglasima, kroz panele i na sličan način izvedene uvide.\n* dostaviti skupno izvješće oglašivačima o publici kojoj su dostavljeni oglasi ili je imala interakciju s njima na njihovoj imovini, kroz panele i na sličan način izvedene uvide. \n* povezati izvanmrežne podatke s mrežnim korisnikom u svrhu istraživanja tržišta za generiranje uvida publike ako su dobavljači prijavili podudaranje i kombinirati izvanmrežne izvore podataka (značajka 1)\nDobavljači ne mogu: \n* izmjeriti performanse i učinkovitost oglasa koji su dostavljeni određenom korisniku ili je imao interakciju s njima, bez pravne osnove za mjerenje performansi oglasa.\n* izmjeriti koji je sadržaj dostavljen određenom korisniku i kakva je bila interakcija s njim, bez zasebne pravne osnove za mjerenje performansi sadržaja.\n"},"10":{"id":10,"name":"Razvoj i poboljšanje proizvoda","description":"Vaši se podaci mogu koristiti za poboljšanje postojećih sustava i softvera te za razvoj novih proizvoda.","descriptionLegal":"Za razvoj novih proizvoda i njihovo poboljšanje dobavljači mogu:\n* koristiti informacije kako bi poboljšali svoje postojeće proizvode novim značajkama i razvili nove proizvode\n* kreirati nove modele i algoritme kroz strojno učenje\nDobavljači ne mogu:\n* provoditi bilo koju drugu vrstu obrade podataka koja je dopuštena u drugoj svrsi, a ne u ovoj\n"}},"specialPurposes":{"1":{"id":1,"name":"Pružanje sigurnosti, sprječavanje prijevara i ispravljanje pogrešaka","description":"Vaši se podaci mogu koristiti za praćenje i sprječavanje prijevarnih aktivnosti te osiguravanje pravilnog i sigurnog rada sustava i procesa.","descriptionLegal":"Kako bi pružili sigurnost, spriječili prijevaru i ispravljali pogreške dobavljači mogu:\n* osigurati da se podaci sigurno prenose \n* otkrivati i sprječavati zlonamjerne, lažne, nevažeće ili nezakonite aktivnosti.\n* osigurati ispravno i učinkovito funkcioniranje sustava i procesa, uključujući praćenje i poboljšanje performansi sustava i postupaka u dopuštenim svrhama\nDobavljači ne mogu:\n* Provoditi bilo koju drugu vrstu obrade podataka koja je dopuštena u drugoj svrsi, a ne u ovoj.\nNapomena: podaci prikupljeni i korišteni za osiguravanje sigurnosti, sprječavanje prijevara i ispravljanje pogrešaka mogu uključivati automatski poslane karakteristike uređaja za identifikaciju, precizne podatke o geolokaciji i podatke dobivene aktivnim skeniranjem karakteristika uređaja za identifikaciju bez odvojenog otkrivanja i/ili prijave.\n"},"2":{"id":2,"name":"Tehnička isporuka oglasa ili sadržaja","description":"Vaš uređaj može primati i slati informacije koje vam omogućuju da vidite oglase i sadržaj te da imate interakciju s njima.","descriptionLegal":"Kako bi dostavili informacije i odgovorili na tehničke zahtjeve, dobavljači mogu:\n* koristiti IP adresu korisnika za isporuku oglasa putem interneta\n* odgovarati na korisnikovu interakciju s oglasom slanjem korisnika na odredišnu stranicu\n* koristiti IP adresu korisnika za isporuku sadržaja putem interneta\n* odgovarati na korisnikovu interakciju sa sadržajem slanjem korisnika na odredišnu stranicu\n* koristiti informacije o vrsti i mogućnostima uređaja za isporuku oglasa ili sadržaja, primjerice, za isporuku prave veličine oglasa kreativne ili video datoteke u formatu koji podržava uređaj\nDobavljači ne mogu:\n* provoditi bilo koju drugu vrstu obrade podataka koja je dopuštena u drugoj svrsi, a ne u ovoj\n"}},"features":{"1":{"id":1,"name":"Usklađivati i kombinirati izvanmrežne izvore podataka","description":"Podaci iz izvanmrežnih izvora podataka mogu se kombinirati s vašom mrežnom aktivnošću kao podrška jednoj ili više svrha.","descriptionLegal":"Dobavljači mogu: \n* kombinirati podatke dobivene izvanmrežno s podacima prikupljenim putem interneta kao podrška jednoj ili više svrha ili posebnih svrha.\n"},"2":{"id":2,"name":"Povezivanje različitih uređaja","description":"Različiti uređaji mogu se odrediti kao pripadajući vama ili vašem kućanstvu  kao podrška jednoj ili više svrha.","descriptionLegal":"Dobavljači mogu:\n* deterministički odrediti da dva ili više uređaja pripadaju istom korisniku ili kućanstvu\n* probabilistički utvrditi da dva ili više uređaja pripadaju istom korisniku ili kućanstvu \n* aktivno skenirati karakteristike uređaja za utvrđivanje probabilističke identifikacije ako su korisnici dopustili dobavljačima da aktivno skeniraju karakteristike uređaja za identifikaciju (posebna značajka broj 2)\n"},"3":{"id":3,"name":"Primanje i uporaba automatski poslanih karakteristika uređaja za identifikaciju","description":"Vaš se uređaj može razlikovati od drugih uređaja na temelju informacija koje automatski šalje, kao što su IP adresa ili vrsta preglednika.","descriptionLegal":"Dobavljači mogu:\n* kreirati identifikator pomoću podataka prikupljenih automatski s uređaja za određene karakteristike, primjerice IP adrese, niz korisničkih nizova.\n* Koristiti takav identifikator da bi ponovno identificirali uređaj.\nDobavljači ne mogu:\n* kreirati identifikator pomoću podataka prikupljenih putem aktivnog skeniranja uređaja za određene karakteristike, npr. instalirani fontovi ili razlučivost zaslona bez posebne prijave korisnika radi aktivnog skeniranja karakteristika uređaja radi identifikacije.\n* Koristiti takav identifikator da bi ponovno identificirali uređaj.\n"}},"specialFeatures":{"1":{"id":1,"name":"Uporaba preciznih podataka o geolokaciji","description":"Vaši se precizni podaci o geolokaciji mogu koristiti kao podrška jednoj ili više svrha. To znači da vaša lokacija može biti točna u opsegu od nekoliko metara.","descriptionLegal":"Dobavljači mogu:\n* prikupiti i obraditi precizne geolokacijske podatke kao podršku jednoj ili više svrha.\nNapomena: precizna geolokacija znači da nema ograničenja preciznosti korisnikove lokacije; to može biti precizno u opsegu od nekoliko metara.\n"},"2":{"id":2,"name":"Aktivno skeniranje karakteristika uređaja za identifikaciju","description":"Vaš se uređaj može identificirati na temelju skeniranja jedinstvene kombinacije karakteristika vašeg uređaja.","descriptionLegal":"Dobavljači mogu:\n* kreirati identifikator pomoću podataka prikupljenih putem aktivnog skeniranja uređaja za određene karakteristike, npr. instalirani fontovi ili razlučivost zaslona. \n* koristiti takav identifikator da bi ponovno identificirali uređaj.\n"}}}
